<?xml version="1.0"?>
<module>
<exporttime>2015-05-15 07:20:40</exporttime>
<name>EventManagement</name>
<label>EventManagement</label>
<parent>Marketing</parent>
<version>1.0.0</version>
<dependencies>
<vtiger_version>6.0.0</vtiger_version>
</dependencies>
<tables>
<table>
<name>vtiger_eventmanagement</name>
<sql><![CDATA[CREATE TABLE `vtiger_eventmanagement` (
    `eventmanagementid` int(11) NOT NULL DEFAULT '0',
      `event_number` INT(11) DEFAULT NULL,
    `event_name` VARCHAR(128) DEFAULT NULL,
    `event_status` VARCHAR(128) DEFAULT NULL,
    `description` VARCHAR(512) DEFAULT NULL,
    `start_date` DATE DEFAULT NULL,
    `end_date` DATE DEFAULT NULL,
    `venue` VARCHAR(128) DEFAULT NULL,
    `capacity` INT(11) DEFAULT NULL,
      PRIMARY KEY (`eventmanagementid`)
  ) ENGINE=InnoDB DEFAULT CHARSET=utf8]]></sql>
</table>
<table>
<name>vtiger_eventmanagementcf</name>
<sql><![CDATA[CREATE TABLE `vtiger_eventmanagementcf` (
  `eventmanagementid` int(11) NOT NULL,
  PRIMARY KEY (`eventmanagementid`)
) ENGINE=InnoDB DEFAULT CHARSET=utf8]]></sql>
</table>
</tables>
<blocks>
<block>
<label>LBL_BLOCK_GENERAL_INFORMATION</label>
<sequence>1</sequence>
<show_title>0</show_title>
<visible>0</visible>
<create_view>0</create_view>
<edit_view>0</edit_view>
<detail_view>0</detail_view>
<display_status>0</display_status>
<iscustom>0</iscustom>
<islist>0</islist>
<fields>
<field>
<fieldname>event_number</fieldname>
<uitype>3</uitype>
<columnname>event_number</columnname>
<columntype>INT(11)</columntype>
<tablename>vtiger_eventmanagement</tablename>
<generatedtype>1</generatedtype>
<fieldlabel>LBL_EVENT_NUMBER</fieldlabel>
<readonly>1</readonly>
<presence>2</presence>
<defaultvalue></defaultvalue>
<sequence>1</sequence>
<maximumlength>100</maximumlength>
<typeofdata>I~M</typeofdata>
<quickcreate>1</quickcreate>
<quickcreatesequence></quickcreatesequence>
<displaytype>1</displaytype>
<info_type>BAS</info_type>
<helpinfo><![CDATA[]]></helpinfo>
<masseditable>0</masseditable>
<entityidentifier>
<fieldname>event_number</fieldname>
<entityidfield>eventmanagementid</entityidfield>
<entityidcolumn>eventmanagementid</entityidcolumn>
</entityidentifier>
</field>
<field>
<fieldname>event_name</fieldname>
<uitype>1</uitype>
<columnname>event_name</columnname>
<columntype>VARCHAR(128)</columntype>
<tablename>vtiger_eventmanagement</tablename>
<generatedtype>1</generatedtype>
<fieldlabel>LBL_EVENT_NAME</fieldlabel>
<readonly>1</readonly>
<presence>2</presence>
<defaultvalue></defaultvalue>
<sequence>2</sequence>
<maximumlength>100</maximumlength>
<typeofdata>V~O</typeofdata>
<quickcreate>1</quickcreate>
<quickcreatesequence></quickcreatesequence>
<displaytype>1</displaytype>
<info_type>BAS</info_type>
<helpinfo><![CDATA[]]></helpinfo>
<masseditable>0</masseditable>
</field>
<field>
<fieldname>event_status</fieldname>
<uitype>16</uitype>
<columnname>event_status</columnname>
<columntype>VARCHAR(128)</columntype>
<tablename>vtiger_eventmanagement</tablename>
<generatedtype>1</generatedtype>
<fieldlabel>LBL_EVENT_STATUS</fieldlabel>
<readonly>1</readonly>
<presence>2</presence>
<defaultvalue></defaultvalue>
<sequence>3</sequence>
<maximumlength>100</maximumlength>
<typeofdata>V~O</typeofdata>
<quickcreate>1</quickcreate>
<quickcreatesequence></quickcreatesequence>
<displaytype>1</displaytype>
<info_type>BAS</info_type>
<helpinfo><![CDATA[]]></helpinfo>
<masseditable>0</masseditable>
<picklistvalues>
<picklistvalue>Draft</picklistvalue>
<picklistvalue>Live</picklistvalue>
<picklistvalue>Closed</picklistvalue>
</picklistvalues>
</field>
<field>
<fieldname>description</fieldname>
<uitype>21</uitype>
<columnname>description</columnname>
<columntype>VARCHAR(512)</columntype>
<tablename>vtiger_eventmanagement</tablename>
<generatedtype>1</generatedtype>
<fieldlabel>LBL_DESCRIPTION</fieldlabel>
<readonly>1</readonly>
<presence>2</presence>
<defaultvalue></defaultvalue>
<sequence>4</sequence>
<maximumlength>100</maximumlength>
<typeofdata>V~O</typeofdata>
<quickcreate>1</quickcreate>
<quickcreatesequence></quickcreatesequence>
<displaytype>1</displaytype>
<info_type>BAS</info_type>
<helpinfo><![CDATA[]]></helpinfo>
<masseditable>0</masseditable>
</field>
<field>
<fieldname>start_date</fieldname>
<uitype>5</uitype>
<columnname>start_date</columnname>
<columntype>DATE</columntype>
<tablename>vtiger_eventmanagement</tablename>
<generatedtype>1</generatedtype>
<fieldlabel>LBL_START_DATE</fieldlabel>
<readonly>1</readonly>
<presence>2</presence>
<defaultvalue></defaultvalue>
<sequence>5</sequence>
<maximumlength>100</maximumlength>
<typeofdata>D~O</typeofdata>
<quickcreate>1</quickcreate>
<quickcreatesequence></quickcreatesequence>
<displaytype>1</displaytype>
<info_type>BAS</info_type>
<helpinfo><![CDATA[]]></helpinfo>
<masseditable>0</masseditable>
</field>
<field>
<fieldname>end_date</fieldname>
<uitype>23</uitype>
<columnname>end_date</columnname>
<columntype>DATE</columntype>
<tablename>vtiger_eventmanagement</tablename>
<generatedtype>2</generatedtype>
<fieldlabel>LBL_END_DATE</fieldlabel>
<readonly>1</readonly>
<presence>2</presence>
<defaultvalue></defaultvalue>
<sequence>6</sequence>
<maximumlength>100</maximumlength>
<typeofdata>D~O</typeofdata>
<quickcreate>1</quickcreate>
<quickcreatesequence></quickcreatesequence>
<displaytype>1</displaytype>
<info_type>BAS</info_type>
<helpinfo><![CDATA[]]></helpinfo>
<masseditable>0</masseditable>
</field>
<field>
<fieldname>venue</fieldname>
<uitype>1</uitype>
<columnname>venue</columnname>
<columntype>VARCHAR(128)</columntype>
<tablename>vtiger_eventmanagement</tablename>
<generatedtype>1</generatedtype>
<fieldlabel>LBL_VENUE</fieldlabel>
<readonly>1</readonly>
<presence>2</presence>
<defaultvalue></defaultvalue>
<sequence>7</sequence>
<maximumlength>100</maximumlength>
<typeofdata>V~O</typeofdata>
<quickcreate>1</quickcreate>
<quickcreatesequence></quickcreatesequence>
<displaytype>1</displaytype>
<info_type>BAS</info_type>
<helpinfo><![CDATA[]]></helpinfo>
<masseditable>0</masseditable>
</field>
<field>
<fieldname>capacity</fieldname>
<uitype>7</uitype>
<columnname>capacity</columnname>
<columntype>INT(11)</columntype>
<tablename>vtiger_eventmanagement</tablename>
<generatedtype>1</generatedtype>
<fieldlabel>LBL_CAPACITY</fieldlabel>
<readonly>1</readonly>
<presence>2</presence>
<defaultvalue></defaultvalue>
<sequence>8</sequence>
<maximumlength>100</maximumlength>
<typeofdata>I~O</typeofdata>
<quickcreate>1</quickcreate>
<quickcreatesequence></quickcreatesequence>
<displaytype>1</displaytype>
<info_type>BAS</info_type>
<helpinfo><![CDATA[]]></helpinfo>
<masseditable>0</masseditable>
</field>
</fields>
</block>
<block>
<label>LBL_BLOCK_SYSTEM_INFORMATION</label>
<sequence>2</sequence>
<show_title>0</show_title>
<visible>0</visible>
<create_view>0</create_view>
<edit_view>0</edit_view>
<detail_view>0</detail_view>
<display_status>0</display_status>
<iscustom>0</iscustom>
<islist>0</islist>
<fields>
<field>
<fieldname>assigned_user_id</fieldname>
<uitype>53</uitype>
<columnname>smownerid</columnname>
<columntype>INT(19)</columntype>
<tablename>vtiger_crmentity</tablename>
<generatedtype>1</generatedtype>
<fieldlabel>Assigned To</fieldlabel>
<readonly>1</readonly>
<presence>2</presence>
<defaultvalue></defaultvalue>
<sequence>1</sequence>
<maximumlength>100</maximumlength>
<typeofdata>V~M</typeofdata>
<quickcreate>0</quickcreate>
<quickcreatesequence></quickcreatesequence>
<displaytype>1</displaytype>
<info_type>BAS</info_type>
<helpinfo><![CDATA[]]></helpinfo>
<masseditable>1</masseditable>
</field>
<field>
<fieldname>createdtime</fieldname>
<uitype>70</uitype>
<columnname>createdtime</columnname>
<columntype>DATETIME</columntype>
<tablename>vtiger_crmentity</tablename>
<generatedtype>1</generatedtype>
<fieldlabel>Created Time</fieldlabel>
<readonly>1</readonly>
<presence>2</presence>
<defaultvalue></defaultvalue>
<sequence>2</sequence>
<maximumlength>100</maximumlength>
<typeofdata>T~O</typeofdata>
<quickcreate>0</quickcreate>
<quickcreatesequence></quickcreatesequence>
<displaytype>2</displaytype>
<info_type>BAS</info_type>
<helpinfo><![CDATA[]]></helpinfo>
<masseditable>0</masseditable>
</field>
<field>
<fieldname>modifiedtime</fieldname>
<uitype>19</uitype>
<columnname>modifiedtime</columnname>
<columntype>DATETIME</columntype>
<tablename>vtiger_crmentity</tablename>
<generatedtype>1</generatedtype>
<fieldlabel>Modified Time</fieldlabel>
<readonly>1</readonly>
<presence>2</presence>
<defaultvalue></defaultvalue>
<sequence>3</sequence>
<maximumlength>100</maximumlength>
<typeofdata>T~O</typeofdata>
<quickcreate>0</quickcreate>
<quickcreatesequence></quickcreatesequence>
<displaytype>2</displaytype>
<info_type>BAS</info_type>
<helpinfo><![CDATA[]]></helpinfo>
<masseditable>0</masseditable>
</field>
</fields>
</block>
</blocks>
<customviews>
<customview>
<viewname>All</viewname>
<setdefault>true</setdefault>
<setmetrics>false</setmetrics>
<fields>
<field>
<fieldname>event_number</fieldname>
<columnindex>1</columnindex>
</field>
<field>
<fieldname>event_name</fieldname>
<columnindex>2</columnindex>
</field>
<field>
<fieldname>venue</fieldname>
<columnindex>3</columnindex>
</field>
<field>
<fieldname>start_date</fieldname>
<columnindex>4</columnindex>
</field>
<field>
<fieldname>end_date</fieldname>
<columnindex>5</columnindex>
</field>
</fields>
</customview>
</customviews>
<sharingaccess>
<default>public_readwritedelete</default>
</sharingaccess>
<actions>
<action>
<name><![CDATA[Import]]></name>
<status>disabled</status>
</action>
<action>
<name><![CDATA[Export]]></name>
<status>disabled</status>
</action>
<action>
<name><![CDATA[Merge]]></name>
<status>disabled</status>
</action>
</actions>
<crons>
</crons>
</module>
