<?xml version='1.0'?>
<schema>
	<tables>
		<table>
			<name>vtiger_eventmanagement</name>
			<sql><![CDATA[CREATE TABLE `vtiger_eventmanagement` (
    `eventmanagementid` int(11) NOT NULL DEFAULT '0',
      `event_number` INT(11) DEFAULT NULL,
    `event_name` VARCHAR(128) DEFAULT NULL,
    `event_status` VARCHAR(128) DEFAULT NULL,
    `description` VARCHAR(512) DEFAULT NULL,
    `start_date` DATE DEFAULT NULL,
    `end_date` DATE DEFAULT NULL,
    `venue` VARCHAR(128) DEFAULT NULL,
    `capacity` INT(11) DEFAULT NULL,
      PRIMARY KEY (`eventmanagementid`)
  ) ENGINE=InnoDB DEFAULT CHARSET=utf8]]></sql>
		</table>
		<table>
			<name>vtiger_eventmanagementcf</name>
			<sql><![CDATA[CREATE TABLE `vtiger_eventmanagementcf` (
  `eventmanagementid` int(11) NOT NULL,
  PRIMARY KEY (`eventmanagementid`)
) ENGINE=InnoDB DEFAULT CHARSET=utf8]]></sql>
		</table>
	</tables>
</schema>
