<?xml version='1.0'?>
<schema>
	<tables>
		<table>
			<name>vtiger_eventmanagement</name>
			<sql><![CDATA[CREATE TABLE `vtiger_eventmanagement` (
  `eventmanagementid` int(11) NOT NULL DEFAULT '0',
  `event_number` int(11) DEFAULT NULL,
  `event_name` varchar(128) DEFAULT NULL,
  `event_status` varchar(128) DEFAULT NULL,
  `description` varchar(512) DEFAULT NULL,
  `start_date` date DEFAULT NULL,
  `end_date` date DEFAULT NULL,
  `venue` varchar(128) DEFAULT NULL,
  `capacity` int(11) DEFAULT NULL,
  PRIMARY KEY (`eventmanagementid`)
) ENGINE=InnoDB DEFAULT CHARSET=utf8]]></sql>
		</table>
		<table>
			<name>vtiger_eventmanagementcf</name>
			<sql><![CDATA[CREATE TABLE `vtiger_eventmanagementcf` (
  `eventmanagementid` int(11) NOT NULL,
  PRIMARY KEY (`eventmanagementid`)
) ENGINE=InnoDB DEFAULT CHARSET=utf8]]></sql>
		</table>
	</tables>
</schema>
