<?xml version='1.0'?>
<module>
    <exporttime>2014-11-18 12:00:00</exporttime>
    <name>PDFMaker</name>
    <label>PDF Maker</label>
    <parent>Tools</parent>
    <type>extension</type>
    <version>600.0.4</version>
    <dependencies>
        <vtiger_version>6.0.0</vtiger_version>
        <vtiger_max_version>6.*</vtiger_max_version>
    </dependencies>
    <migrations> 
        <migration version='540.34.0'>
            <tables>
                <table>
                    <name>vtiger_pdfmaker_settings</name>
                    <sql>
              <![CDATA[ALTER TABLE `vtiger_pdfmaker_settings` ADD `owner` INT( 11 ) NOT NULL DEFAULT '1' ,
                        ADD `sharingtype` CHAR( 7 ) NOT NULL DEFAULT 'public',
                        ADD `no_header_first_page` TINYINT( 1 ) NOT NULL DEFAULT '0',
                        ADD `no_footer_last_page` TINYINT( 1 ) NOT NULL DEFAULT '0',
                        ADD `footer_only_last_page` TINYINT( 1 ) NOT NULL DEFAULT '0';]]>
                    </sql>
                </table>
            </tables>
        </migration>
        <migration version='540.35.0'>
            <tables>
                <table>
                    <name>vtiger_pdfmaker_settings</name>
                    <sql>
                  <![CDATA[ALTER TABLE `vtiger_pdfmaker_settings` ADD `is_listview` TINYINT( 1 ) NOT NULL DEFAULT '0' AFTER `is_portal`;]]>
                    </sql>
                </table>
                <table>
                    <name>vtiger_pdfmaker_settings</name>
                    <sql>
                  <![CDATA[ALTER TABLE `vtiger_pdfmaker_settings` DROP `no_header_first_page` ,
                                                                  DROP `no_footer_last_page` ,
                                                                  DROP `footer_only_last_page`;]]>
                    </sql>
                </table>
                <table>
                    <name>vtiger_pdfmaker_settings</name>
                    <sql>
                  <![CDATA[ALTER TABLE `vtiger_pdfmaker_settings` ADD `disp_header` TINYINT( 1 ) NOT NULL DEFAULT '3' ,
                                                                  ADD `disp_footer` TINYINT( 1 ) NOT NULL DEFAULT '7';]]>
                    </sql>
                </table>
            </tables>
        </migration>
     </migrations>
    <license>
        <inline><![CDATA[
  **************************************************************************************
 *  Module              : PDF Maker
 *  Version             : 600.0.4
 *  Vtiger              : 6.0.0, 6.1.0
 *  Author              : IT-Solutions4You s.r.o - www.its4you.sk
 *  Supported browsers  : Internet Explorer 7 or higher, Mozilla Firefox 3.0 or higher
 ***************************************************************************************
  
 For successfully completing the installation is neccesary download mPDF library into PDFMaker module from external storage place,
 because mpdf.zip is over 2MB and many customers has MAX_UPLOAD_SIZE set to 2 MB (webhosting) so we have make available download it from our server.  
 ]]></inline>
    </license>
    <tables>
        <table>
            <name>vtiger_pdfmaker</name>
            <sql>
                <![CDATA[CREATE TABLE `vtiger_pdfmaker` (
                `templateid` int(11) NOT NULL,
                `filename` varchar(100) NOT NULL,
                `module` varchar(255) NOT NULL,
                `body` longblob NOT NULL,
                `description` text NOT NULL,
                `deleted` int(1) NOT NULL default '0',
                PRIMARY KEY  (`templateid`)
              ) ENGINE=InnoDB]]>
            </sql>
        </table>
        <table>
            <name>vtiger_pdfmaker_seq</name>
            <sql>
                <![CDATA[CREATE TABLE IF NOT EXISTS `vtiger_pdfmaker_seq` (
                    `id` int(11) NOT NULL default '1'
                  ) ENGINE=InnoDB]]>
            </sql>
        </table>
        <table>
            <name>vtiger_pdfmaker_settings</name>
            <sql>
                <![CDATA[CREATE TABLE IF NOT EXISTS `vtiger_pdfmaker_settings` (
                    `templateid` int(11) NOT NULL,
                    `margin_top` decimal(12,1) default NULL,
                    `margin_bottom` decimal(12,1) default NULL,
                    `margin_left` decimal(12,1) default NULL,
                    `margin_right` decimal(12,1) default NULL,
                    `format` varchar(255) NOT NULL default 'A4',
                    `orientation` varchar(255) NOT NULL default 'portrait',
                    `decimals` tinyint(2) NOT NULL,
                    `decimal_point` char(2) NOT NULL,
                    `thousands_separator` char(2) NOT NULL,
                    `header` text NOT NULL,
                    `footer` text NOT NULL,
                    `encoding` VARCHAR( 20 ) NOT NULL DEFAULT 'auto',
                    `file_name` VARCHAR( 255 ) NULL,
                    `is_portal` TINYINT( 1 ) NOT NULL DEFAULT '0',
                    `is_listview` TINYINT( 1 ) NOT NULL DEFAULT '0',
                    `owner` INT( 11 ) NOT NULL DEFAULT '1',
                    `sharingtype` CHAR( 7 ) NOT NULL DEFAULT 'public',
                    `disp_header` TINYINT( 1 ) NOT NULL DEFAULT '3',
                    `disp_footer` TINYINT( 1 ) NOT NULL DEFAULT '7',
                    PRIMARY KEY  (`templateid`)
                  ) ENGINE=InnoDB]]>
            </sql>
        </table>
        <table>
            <name>vtiger_pdfmaker_breakline</name>
            <sql>
            <![CDATA[CREATE TABLE IF NOT EXISTS `vtiger_pdfmaker_breakline` (
                    `crmid` INT NOT NULL ,
                    `productid` INT NOT NULL ,
                    `sequence` INT NOT NULL ,
                    `show_header` TINYINT( 1 ) NOT NULL DEFAULT '0',
                    `show_subtotal` TINYINT( 1 ) NOT NULL DEFAULT '0',
                    PRIMARY KEY ( `crmid` , `productid` , `sequence` )
                    ) ENGINE = InnoDB]]>
            </sql>
        </table>
        <table>
            <name>vtiger_pdfmaker_images</name>
            <sql>
                <![CDATA[CREATE TABLE IF NOT EXISTS `vtiger_pdfmaker_images` (
                `crmid` INT NOT NULL ,
                `productid` INT NOT NULL ,
                `sequence` INT NOT NULL ,
                `attachmentid` INT NOT NULL ,
                `width` INT NULL ,
                `height` INT NULL ,
                PRIMARY KEY ( `crmid` , `productid` , `sequence` )
                ) ENGINE = InnoDB]]>
            </sql>
        </table>
        <table>
            <name>vtiger_pdfmaker_releases</name>
            <sql>
                <![CDATA[CREATE TABLE IF NOT EXISTS `vtiger_pdfmaker_releases` (
                `id` INT NOT NULL AUTO_INCREMENT ,
                `version` VARCHAR( 10 ) NOT NULL ,
                `date` DATETIME NOT NULL ,
                `updated` TINYINT( 1 ) NOT NULL ,
                PRIMARY KEY ( `id` )
                ) ENGINE = InnoDB]]>
            </sql>
        </table>
        <table>
            <name>vtiger_pdfmaker_productbloc_tpl</name>
            <sql>
                <![CDATA[CREATE TABLE IF NOT EXISTS `vtiger_pdfmaker_productbloc_tpl` (
                `id` int(11) NOT NULL auto_increment,
                `name` varchar(255) NOT NULL,
                `body` longtext NOT NULL,
                PRIMARY KEY  (`id`)
              ) ENGINE=InnoDB]]>
            </sql>
        </table>
        <table>
            <name>vtiger_pdfmaker_ignorepicklistvalues</name>
            <sql>
                <![CDATA[CREATE TABLE IF NOT EXISTS `vtiger_pdfmaker_ignorepicklistvalues` (
                  `value` varchar(100) NOT NULL,
                  PRIMARY KEY  (`value`)
                ) ENGINE=InnoDB]]>
            </sql>
        </table>
    </tables>
    <customlinks>
        <customlink>
            <linktype>HEADERSCRIPT</linktype>
            <linklabel>PDFMakerActionsJS</linklabel>
            <linkurl><![CDATA[layouts/vlayout/modules/PDFMaker/resources/PDFMakerActions.js]]></linkurl>
            <linkicon><![CDATA[]]></linkicon>
            <sequence>0</sequence>
        </customlink>
    </customlinks>
</module> 