<?xml version='1.0'?>
<module>
  <exporttime>2015-05-17 04:55:15</exporttime>
  <name>EventTicket</name>
  <label>EventTicket</label>
  <parent>Marketing</parent>
  <version>1.0.0</version>
  <dependencies>
    <vtiger_version>6.0.0</vtiger_version>
  </dependencies>
  <tables>
    <table>
      <name>vtiger_eventticket</name>
      <sql><![CDATA[CREATE TABLE `vtiger_eventticket` (
        `eventticketid` int(11) NOT NULL DEFAULT '0',
        `ticket_number` varchar(100) DEFAULT NULL,
        `ticket_name` varchar(128) DEFAULT NULL,
        `description` varchar(512) DEFAULT NULL,
        `ticket_price` decimal(25,8) DEFAULT NULL,
        `quantity_total` int(11) DEFAULT NULL,
        `quantity_sold` int(11) DEFAULT NULL,
        `event_management` int(19) DEFAULT NULL,
        PRIMARY KEY (`eventticketid`)
        ) ENGINE=InnoDB DEFAULT CHARSET=utf8]]></sql>
      </table>
      <table>
        <name>vtiger_eventticketcf</name>
        <sql><![CDATA[CREATE TABLE `vtiger_eventticketcf` (
          `eventticketid` int(11) NOT NULL,
          PRIMARY KEY (`eventticketid`)
          ) ENGINE=InnoDB DEFAULT CHARSET=utf8]]></sql>
        </table>
      </tables>
      <blocks>
        <block>
          <label>LBL_BLOCK_GENERAL_INFORMATION</label>
          <fields>
            <field>
              <fieldname>ticket_number</fieldname>
              <uitype>4</uitype>
              <columnname>ticket_number</columnname>
              <tablename>vtiger_eventticket</tablename>
              <generatedtype>1</generatedtype>
              <fieldlabel>LBL_TICKET_NUMBER</fieldlabel>
              <readonly>1</readonly>
              <presence>2</presence>
              <defaultvalue></defaultvalue>
              <sequence>0</sequence>
              <maximumlength>100</maximumlength>
              <typeofdata>V~M</typeofdata>
              <quickcreate>1</quickcreate>
              <quickcreatesequence></quickcreatesequence>
              <displaytype>1</displaytype>
              <info_type>BAS</info_type>
              <helpinfo><![CDATA[]]></helpinfo>
              <masseditable>0</masseditable>
              <summaryfield>1</summaryfield>
              <entityidentifier>
                <entityidfield>eventticketid</entityidfield>
                <entityidcolumn>eventticketid</entityidcolumn>
              </entityidentifier>
            </field>
            <field>
              <fieldname>ticket_name</fieldname>
              <uitype>1</uitype>
              <columnname>ticket_name</columnname>
              <tablename>vtiger_eventticket</tablename>
              <generatedtype>1</generatedtype>
              <fieldlabel>LBL_TICKET_NAME</fieldlabel>
              <readonly>1</readonly>
              <presence>2</presence>
              <defaultvalue></defaultvalue>
              <sequence>2</sequence>
              <maximumlength>100</maximumlength>
              <typeofdata>V~M</typeofdata>
              <quickcreate>1</quickcreate>
              <quickcreatesequence></quickcreatesequence>
              <displaytype>1</displaytype>
              <info_type>BAS</info_type>
              <helpinfo><![CDATA[]]></helpinfo>
              <masseditable>0</masseditable>
              <summaryfield>1</summaryfield>
            </field>
            <field>
              <fieldname>description</fieldname>
              <uitype>21</uitype>
              <columnname>description</columnname>
              <tablename>vtiger_eventticket</tablename>
              <generatedtype>1</generatedtype>
              <fieldlabel>LBL_DESCRIPTION</fieldlabel>
              <readonly>1</readonly>
              <presence>2</presence>
              <defaultvalue></defaultvalue>
              <sequence>3</sequence>
              <maximumlength>100</maximumlength>
              <typeofdata>V~O</typeofdata>
              <quickcreate>1</quickcreate>
              <quickcreatesequence></quickcreatesequence>
              <displaytype>1</displaytype>
              <info_type>BAS</info_type>
              <helpinfo><![CDATA[]]></helpinfo>
              <masseditable>0</masseditable>
              <summaryfield>0</summaryfield>
            </field>
            <field>
              <fieldname>ticket_price</fieldname>
              <uitype>71</uitype>
              <columnname>ticket_price</columnname>
              <tablename>vtiger_eventticket</tablename>
              <generatedtype>1</generatedtype>
              <fieldlabel>LBL_TICKET_PRICE</fieldlabel>
              <readonly>1</readonly>
              <presence>2</presence>
              <defaultvalue></defaultvalue>
              <sequence>4</sequence>
              <maximumlength>100</maximumlength>
              <typeofdata>N~O</typeofdata>
              <quickcreate>1</quickcreate>
              <quickcreatesequence></quickcreatesequence>
              <displaytype>1</displaytype>
              <info_type>BAS</info_type>
              <helpinfo><![CDATA[]]></helpinfo>
              <masseditable>0</masseditable>
              <summaryfield>1</summaryfield>
            </field>
            <field>
              <fieldname>quantity_total</fieldname>
              <uitype>7</uitype>
              <columnname>quantity_total</columnname>
              <tablename>vtiger_eventticket</tablename>
              <generatedtype>1</generatedtype>
              <fieldlabel>LBL_QUANTITY_TOTAL</fieldlabel>
              <readonly>1</readonly>
              <presence>2</presence>
              <defaultvalue></defaultvalue>
              <sequence>5</sequence>
              <maximumlength>100</maximumlength>
              <typeofdata>I~O</typeofdata>
              <quickcreate>1</quickcreate>
              <quickcreatesequence></quickcreatesequence>
              <displaytype>1</displaytype>
              <info_type>BAS</info_type>
              <helpinfo><![CDATA[]]></helpinfo>
              <masseditable>0</masseditable>
              <summaryfield>1</summaryfield>
            </field>
            <field>
              <fieldname>quantity_sold</fieldname>
              <uitype>7</uitype>
              <columnname>quantity_sold</columnname>
              <tablename>vtiger_eventticket</tablename>
              <generatedtype>1</generatedtype>
              <fieldlabel>LBL_QUANTITY_SOLD</fieldlabel>
              <readonly>1</readonly>
              <presence>2</presence>
              <defaultvalue></defaultvalue>
              <sequence>6</sequence>
              <maximumlength>100</maximumlength>
              <typeofdata>I~O</typeofdata>
              <quickcreate>1</quickcreate>
              <quickcreatesequence></quickcreatesequence>
              <displaytype>1</displaytype>
              <info_type>BAS</info_type>
              <helpinfo><![CDATA[]]></helpinfo>
              <masseditable>0</masseditable>
              <summaryfield>0</summaryfield>
            </field>
            <field>
              <fieldname>event_management</fieldname>
              <uitype>10</uitype>
              <columnname>event_management</columnname>
              <tablename>vtiger_eventticket</tablename>
              <generatedtype>1</generatedtype>
              <fieldlabel>LBL_EVENT_MANAGEMENT</fieldlabel>
              <readonly>1</readonly>
              <presence>2</presence>
              <defaultvalue></defaultvalue>
              <sequence>7</sequence>
              <maximumlength>100</maximumlength>
              <typeofdata>V~O</typeofdata>
              <quickcreate>1</quickcreate>
              <quickcreatesequence></quickcreatesequence>
              <displaytype>1</displaytype>
              <info_type>BAS</info_type>
              <helpinfo><![CDATA[]]></helpinfo>
              <masseditable>0</masseditable>
              <summaryfield>0</summaryfield>
              <relatedmodules>
                <relatedmodule>EventManagement</relatedmodule>
              </relatedmodules>
            </field>
          </fields>
        </block>
        <block>
          <label>LBL_BLOCK_SYSTEM_INFORMATION</label>
          <fields>
            <field>
              <fieldname>assigned_user_id</fieldname>
              <uitype>53</uitype>
              <columnname>smownerid</columnname>
              <tablename>vtiger_crmentity</tablename>
              <generatedtype>1</generatedtype>
              <fieldlabel>Assigned To</fieldlabel>
              <readonly>1</readonly>
              <presence>2</presence>
              <defaultvalue></defaultvalue>
              <sequence>1</sequence>
              <maximumlength>100</maximumlength>
              <typeofdata>V~M</typeofdata>
              <quickcreate>0</quickcreate>
              <quickcreatesequence>0</quickcreatesequence>
              <displaytype>1</displaytype>
              <info_type>BAS</info_type>
              <helpinfo><![CDATA[]]></helpinfo>
              <masseditable>1</masseditable>
              <summaryfield>0</summaryfield>
            </field>
            <field>
              <fieldname>createdtime</fieldname>
              <uitype>70</uitype>
              <columnname>createdtime</columnname>
              <tablename>vtiger_crmentity</tablename>
              <generatedtype>1</generatedtype>
              <fieldlabel>Created Time</fieldlabel>
              <readonly>1</readonly>
              <presence>2</presence>
              <defaultvalue></defaultvalue>
              <sequence>2</sequence>
              <maximumlength>100</maximumlength>
              <typeofdata>T~O</typeofdata>
              <quickcreate>0</quickcreate>
              <quickcreatesequence>0</quickcreatesequence>
              <displaytype>2</displaytype>
              <info_type>BAS</info_type>
              <helpinfo><![CDATA[]]></helpinfo>
              <masseditable>0</masseditable>
              <summaryfield>0</summaryfield>
            </field>
            <field>
              <fieldname>modifiedtime</fieldname>
              <uitype>19</uitype>
              <columnname>modifiedtime</columnname>
              <tablename>vtiger_crmentity</tablename>
              <generatedtype>1</generatedtype>
              <fieldlabel>Modified Time</fieldlabel>
              <readonly>1</readonly>
              <presence>2</presence>
              <defaultvalue></defaultvalue>
              <sequence>3</sequence>
              <maximumlength>100</maximumlength>
              <typeofdata>T~O</typeofdata>
              <quickcreate>0</quickcreate>
              <quickcreatesequence>0</quickcreatesequence>
              <displaytype>2</displaytype>
              <info_type>BAS</info_type>
              <helpinfo><![CDATA[]]></helpinfo>
              <masseditable>0</masseditable>
              <summaryfield>0</summaryfield>
            </field>
          </fields>
        </block>
      </blocks>
      <customviews>
        <customview>
          <viewname>All</viewname>
          <setdefault>true</setdefault>
          <setmetrics>false</setmetrics>
          <fields>
            <field>
              <fieldname>ticket_number</fieldname>
              <columnindex>1</columnindex>
            </field>
            <field>
              <fieldname>ticket_name</fieldname>
              <columnindex>2</columnindex>
            </field>
            <field>
              <fieldname>ticket_price</fieldname>
              <columnindex>3</columnindex>
            </field>
            <field>
              <fieldname>quantity_sold</fieldname>
              <columnindex>4</columnindex>
            </field>
            <field>
              <fieldname>quantity_total</fieldname>
              <columnindex>5</columnindex>
            </field>
            <field>
              <fieldname>event_management</fieldname>
              <columnindex>6</columnindex>
            </field>
          </fields>
        </customview>
      </customviews>
      <sharingaccess>
        <default>public_readwritedelete</default>
      </sharingaccess>
      <actions>
        <action>
          <name><![CDATA[Import]]></name>
          <status>enabled</status>
        </action>
        <action>
          <name><![CDATA[Export]]></name>
          <status>enabled</status>
        </action>
        <action>
          <name><![CDATA[Merge]]></name>
          <status>enabled</status>
        </action>
      </actions>
      <relatedlists>
        <relatedlist>
          <function>get_related_list</function>
          <label>Contacts</label>
          <sequence>1</sequence>
          <presence>0</presence>
          <actions>
            <action>SELECT</action>
          </actions>
          <relatedmodule>Contacts</relatedmodule>
        </relatedlist>
        <relatedlist>
          <function>get_related_list</function>
          <label>Leads</label>
          <sequence>2</sequence>
          <presence>0</presence>
          <actions>
            <action>SELECT</action>
          </actions>
          <relatedmodule>Leads</relatedmodule>
        </relatedlist>
      </relatedlists>
      <customlinks>
        <customlink>
          <linktype>DETAILVIEWBASIC</linktype>
          <linklabel>View History</linklabel>
          <linkurl><![CDATA[javascript:ModTrackerCommon.showhistory('$RECORD$')]]></linkurl>
          <linkicon><![CDATA[]]></linkicon>
          <sequence>0</sequence>
          <handler_path><![CDATA[]]></handler_path>
          <handler_class><![CDATA[]]></handler_class>
          <handler><![CDATA[]]></handler>
        </customlink>
      </customlinks>
      <crons>
      </crons>
    </module>
