<?xml version='1.0'?>
<schema>
	<tables>
		<table>
			<name>vtiger_eventticket</name>
			<sql><![CDATA[CREATE TABLE `vtiger_eventticket` (
  `eventticketid` int(11) NOT NULL DEFAULT '0',
  `ticket_number` int(11) DEFAULT NULL,
  `ticket_name` varchar(128) DEFAULT NULL,
  `description` varchar(512) DEFAULT NULL,
  `ticket_price` decimal(25,3) DEFAULT NULL,
  `quantity_total` int(11) DEFAULT NULL,
  `quantity_sold` int(11) DEFAULT NULL,
  `event_management` int(19) DEFAULT NULL,
  PRIMARY KEY (`eventticketid`)
) ENGINE=InnoDB DEFAULT CHARSET=utf8]]></sql>
		</table>
		<table>
			<name>vtiger_eventticketcf</name>
			<sql><![CDATA[CREATE TABLE `vtiger_eventticketcf` (
  `eventticketid` int(11) NOT NULL,
  PRIMARY KEY (`eventticketid`)
) ENGINE=InnoDB DEFAULT CHARSET=utf8]]></sql>
		</table>
	</tables>
</schema>
