<?xml version='1.0'?>
<module>
  <exporttime>2015-05-17 04:55:15</exporttime>
  <name>EventManagement</name>
  <label>EventManagement</label>
  <parent>Marketing</parent>
  <version>1.0.0</version>
  <dependencies>
    <vtiger_version>6.0.0</vtiger_version>
  </dependencies>
  <tables>
    <table>
      <name>vtiger_eventmanagement</name>
      <sql><![CDATA[CREATE TABLE `vtiger_eventmanagement` (
        `eventmanagementid` int(11) NOT NULL DEFAULT '0',
        `event_number` varchar(100) DEFAULT NULL,
        `event_name` varchar(128) DEFAULT NULL,
        `event_status` varchar(128) DEFAULT NULL,
        `description` varchar(512) DEFAULT NULL,
        `start_date` date DEFAULT NULL,
        `end_date` date DEFAULT NULL,
        `venue` varchar(128) DEFAULT NULL,
        `capacity` int(11) DEFAULT NULL,
        PRIMARY KEY (`eventmanagementid`)
        ) ENGINE=InnoDB DEFAULT CHARSET=utf8]]></sql>
      </table>
      <table>
        <name>vtiger_eventmanagementcf</name>
        <sql><![CDATA[CREATE TABLE `vtiger_eventmanagementcf` (
          `eventmanagementid` int(11) NOT NULL,
          PRIMARY KEY (`eventmanagementid`)
          ) ENGINE=InnoDB DEFAULT CHARSET=utf8]]></sql>
        </table>
      </tables>
      <blocks>
        <block>
          <label>LBL_BLOCK_GENERAL_INFORMATION</label>
          <fields>
            <field>
              <fieldname>event_number</fieldname>
              <uitype>4</uitype>
              <columnname>event_number</columnname>
              <tablename>vtiger_eventmanagement</tablename>
              <generatedtype>1</generatedtype>
              <fieldlabel>LBL_EVENT_NUMBER</fieldlabel>
              <readonly>1</readonly>
              <presence>2</presence>
              <defaultvalue></defaultvalue>
              <sequence>0</sequence>
              <maximumlength>100</maximumlength>
              <typeofdata>V~M</typeofdata>
              <quickcreate>1</quickcreate>
              <quickcreatesequence></quickcreatesequence>
              <displaytype>1</displaytype>
              <info_type>BAS</info_type>
              <helpinfo><![CDATA[]]></helpinfo>
              <masseditable>0</masseditable>
              <summaryfield>1</summaryfield>
              <entityidentifier>
                <entityidfield>eventmanagementid</entityidfield>
                <entityidcolumn>eventmanagementid</entityidcolumn>
              </entityidentifier>
            </field>
            <field>
              <fieldname>event_name</fieldname>
              <uitype>1</uitype>
              <columnname>event_name</columnname>
              <tablename>vtiger_eventmanagement</tablename>
              <generatedtype>1</generatedtype>
              <fieldlabel>LBL_EVENT_NAME</fieldlabel>
              <readonly>1</readonly>
              <presence>2</presence>
              <defaultvalue></defaultvalue>
              <sequence>2</sequence>
              <maximumlength>100</maximumlength>
              <typeofdata>V~O</typeofdata>
              <quickcreate>1</quickcreate>
              <quickcreatesequence></quickcreatesequence>
              <displaytype>1</displaytype>
              <info_type>BAS</info_type>
              <helpinfo><![CDATA[]]></helpinfo>
              <masseditable>0</masseditable>
              <summaryfield>1</summaryfield>
            </field>
            <field>
              <fieldname>event_status</fieldname>
              <uitype>16</uitype>
              <columnname>event_status</columnname>
              <tablename>vtiger_eventmanagement</tablename>
              <generatedtype>1</generatedtype>
              <fieldlabel>LBL_EVENT_STATUS</fieldlabel>
              <readonly>1</readonly>
              <presence>2</presence>
              <defaultvalue></defaultvalue>
              <sequence>3</sequence>
              <maximumlength>100</maximumlength>
              <typeofdata>V~O</typeofdata>
              <quickcreate>1</quickcreate>
              <quickcreatesequence></quickcreatesequence>
              <displaytype>1</displaytype>
              <info_type>BAS</info_type>
              <helpinfo><![CDATA[]]></helpinfo>
              <masseditable>0</masseditable>
              <summaryfield>0</summaryfield>
              <picklistvalues>
                <picklistvalue>Draft</picklistvalue>
                <picklistvalue>Live</picklistvalue>
                <picklistvalue>Closed</picklistvalue>
              </picklistvalues>
            </field>
            <field>
              <fieldname>description</fieldname>
              <uitype>21</uitype>
              <columnname>description</columnname>
              <tablename>vtiger_eventmanagement</tablename>
              <generatedtype>1</generatedtype>
              <fieldlabel>LBL_DESCRIPTION</fieldlabel>
              <readonly>1</readonly>
              <presence>2</presence>
              <defaultvalue></defaultvalue>
              <sequence>4</sequence>
              <maximumlength>100</maximumlength>
              <typeofdata>V~O</typeofdata>
              <quickcreate>1</quickcreate>
              <quickcreatesequence></quickcreatesequence>
              <displaytype>1</displaytype>
              <info_type>BAS</info_type>
              <helpinfo><![CDATA[]]></helpinfo>
              <masseditable>0</masseditable>
              <summaryfield>0</summaryfield>
            </field>
            <field>
              <fieldname>start_date</fieldname>
              <uitype>5</uitype>
              <columnname>start_date</columnname>
              <tablename>vtiger_eventmanagement</tablename>
              <generatedtype>1</generatedtype>
              <fieldlabel>LBL_START_DATE</fieldlabel>
              <readonly>1</readonly>
              <presence>2</presence>
              <defaultvalue></defaultvalue>
              <sequence>5</sequence>
              <maximumlength>100</maximumlength>
              <typeofdata>D~O</typeofdata>
              <quickcreate>1</quickcreate>
              <quickcreatesequence></quickcreatesequence>
              <displaytype>1</displaytype>
              <info_type>BAS</info_type>
              <helpinfo><![CDATA[]]></helpinfo>
              <masseditable>0</masseditable>
              <summaryfield>0</summaryfield>
            </field>
            <field>
              <fieldname>end_date</fieldname>
              <uitype>23</uitype>
              <columnname>end_date</columnname>
              <tablename>vtiger_eventmanagement</tablename>
              <generatedtype>2</generatedtype>
              <fieldlabel>LBL_END_DATE</fieldlabel>
              <readonly>1</readonly>
              <presence>2</presence>
              <defaultvalue></defaultvalue>
              <sequence>6</sequence>
              <maximumlength>100</maximumlength>
              <typeofdata>D~O</typeofdata>
              <quickcreate>1</quickcreate>
              <quickcreatesequence></quickcreatesequence>
              <displaytype>1</displaytype>
              <info_type>BAS</info_type>
              <helpinfo><![CDATA[]]></helpinfo>
              <masseditable>0</masseditable>
              <summaryfield>0</summaryfield>
            </field>
            <field>
              <fieldname>venue</fieldname>
              <uitype>1</uitype>
              <columnname>venue</columnname>
              <tablename>vtiger_eventmanagement</tablename>
              <generatedtype>1</generatedtype>
              <fieldlabel>LBL_VENUE</fieldlabel>
              <readonly>1</readonly>
              <presence>2</presence>
              <defaultvalue></defaultvalue>
              <sequence>7</sequence>
              <maximumlength>100</maximumlength>
              <typeofdata>V~O</typeofdata>
              <quickcreate>1</quickcreate>
              <quickcreatesequence></quickcreatesequence>
              <displaytype>1</displaytype>
              <info_type>BAS</info_type>
              <helpinfo><![CDATA[]]></helpinfo>
              <masseditable>0</masseditable>
              <summaryfield>0</summaryfield>
            </field>
            <field>
              <fieldname>capacity</fieldname>
              <uitype>7</uitype>
              <columnname>capacity</columnname>
              <tablename>vtiger_eventmanagement</tablename>
              <generatedtype>1</generatedtype>
              <fieldlabel>LBL_CAPACITY</fieldlabel>
              <readonly>1</readonly>
              <presence>2</presence>
              <defaultvalue></defaultvalue>
              <sequence>8</sequence>
              <maximumlength>100</maximumlength>
              <typeofdata>I~O</typeofdata>
              <quickcreate>1</quickcreate>
              <quickcreatesequence></quickcreatesequence>
              <displaytype>1</displaytype>
              <info_type>BAS</info_type>
              <helpinfo><![CDATA[]]></helpinfo>
              <masseditable>0</masseditable>
              <summaryfield>1</summaryfield>
            </field>
          </fields>
        </block>
        <block>
          <label>LBL_BLOCK_SYSTEM_INFORMATION</label>
          <fields>
            <field>
              <fieldname>assigned_user_id</fieldname>
              <uitype>53</uitype>
              <columnname>smownerid</columnname>
              <tablename>vtiger_crmentity</tablename>
              <generatedtype>1</generatedtype>
              <fieldlabel>Assigned To</fieldlabel>
              <readonly>1</readonly>
              <presence>2</presence>
              <defaultvalue></defaultvalue>
              <sequence>1</sequence>
              <maximumlength>100</maximumlength>
              <typeofdata>V~M</typeofdata>
              <quickcreate>0</quickcreate>
              <quickcreatesequence>0</quickcreatesequence>
              <displaytype>1</displaytype>
              <info_type>BAS</info_type>
              <helpinfo><![CDATA[]]></helpinfo>
              <masseditable>1</masseditable>
              <summaryfield>0</summaryfield>
            </field>
            <field>
              <fieldname>createdtime</fieldname>
              <uitype>70</uitype>
              <columnname>createdtime</columnname>
              <tablename>vtiger_crmentity</tablename>
              <generatedtype>1</generatedtype>
              <fieldlabel>Created Time</fieldlabel>
              <readonly>1</readonly>
              <presence>2</presence>
              <defaultvalue></defaultvalue>
              <sequence>2</sequence>
              <maximumlength>100</maximumlength>
              <typeofdata>T~O</typeofdata>
              <quickcreate>0</quickcreate>
              <quickcreatesequence>0</quickcreatesequence>
              <displaytype>2</displaytype>
              <info_type>BAS</info_type>
              <helpinfo><![CDATA[]]></helpinfo>
              <masseditable>0</masseditable>
              <summaryfield>0</summaryfield>
            </field>
            <field>
              <fieldname>modifiedtime</fieldname>
              <uitype>19</uitype>
              <columnname>modifiedtime</columnname>
              <tablename>vtiger_crmentity</tablename>
              <generatedtype>1</generatedtype>
              <fieldlabel>Modified Time</fieldlabel>
              <readonly>1</readonly>
              <presence>2</presence>
              <defaultvalue></defaultvalue>
              <sequence>3</sequence>
              <maximumlength>100</maximumlength>
              <typeofdata>T~O</typeofdata>
              <quickcreate>0</quickcreate>
              <quickcreatesequence>0</quickcreatesequence>
              <displaytype>2</displaytype>
              <info_type>BAS</info_type>
              <helpinfo><![CDATA[]]></helpinfo>
              <masseditable>0</masseditable>
              <summaryfield>0</summaryfield>
            </field>
          </fields>
        </block>
      </blocks>
      <customviews>
        <customview>
          <viewname>All</viewname>
          <setdefault>true</setdefault>
          <setmetrics>false</setmetrics>
          <fields>
            <field>
              <fieldname>event_number</fieldname>
              <columnindex>1</columnindex>
            </field>
            <field>
              <fieldname>event_name</fieldname>
              <columnindex>2</columnindex>
            </field>
            <field>
              <fieldname>venue</fieldname>
              <columnindex>3</columnindex>
            </field>
            <field>
              <fieldname>start_date</fieldname>
              <columnindex>4</columnindex>
            </field>
            <field>
              <fieldname>end_date</fieldname>
              <columnindex>5</columnindex>
            </field>
          </fields>
        </customview>
      </customviews>
      <sharingaccess>
        <default>public_readwritedelete</default>
      </sharingaccess>
      <actions>
        <action>
          <name><![CDATA[Import]]></name>
          <status>enabled</status>
        </action>
        <action>
          <name><![CDATA[Export]]></name>
          <status>enabled</status>
        </action>
        <action>
          <name><![CDATA[Merge]]></name>
          <status>enabled</status>
        </action>
      </actions>
      <relatedlists>
        <relatedlist>
          <function>get_related_list</function>
          <label>Contacts</label>
          <sequence>1</sequence>
          <presence>0</presence>
          <actions>
            <action>SELECT</action>
          </actions>
          <relatedmodule>Contacts</relatedmodule>
        </relatedlist>
        <relatedlist>
          <function>get_related_list</function>
          <label>Leads</label>
          <sequence>2</sequence>
          <presence>0</presence>
          <actions>
            <action>SELECT</action>
          </actions>
          <relatedmodule>Leads</relatedmodule>
        </relatedlist>
        <relatedlist>
          <function>get_dependents_list</function>
          <label>LBL_EVENTTICKET_LIST</label>
          <sequence>3</sequence>
          <presence>0</presence>
          <actions>
            <action>ADD</action>
          </actions>
          <relatedmodule>EventTicket</relatedmodule>
        </relatedlist>
      </relatedlists>
      <crons>
      </crons>
    </module>
